"ADANA	Merkez	Adana ihtisas Vergi Dairesi Müdürlü?ü"
"ADANA	Merkez	5 Ocak Vergi Dairesi Müdürlü?ü"
"ADANA	Merkez	Yüre?ir Vergi Dairesi Müdürlü?ü"
"ADANA	Merkez	Seyhan Vergi Dairesi Müdürlü?ü"
"ADANA	Merkez	Ziyapaþa Vergi Dairesi Müdürlü?ü"
"ADANA	Merkez	Çukurova Vergi Dairesi Müdürlü?ü"
"ADANA	Ceyhan	Ceyhan Vergi Dairesi Müdürlü?ü"
"ADANA	Kozan	Kozan Vergi Dairesi Müdürlü?ü"
"ADANA	Karataþ	Karataþ Vergi Dairesi Müdürlü?ü"
"ADANA	Feke	Feke Malmüdürlü?ü"
"ADANA	Karaisali	Karaisali Malmüdürlü?ü"
"ADANA	Pozanti	Pozanti Malmüdürlü?ü"
"ADANA	Saimbeyli	Saimbeyli Malmüdürlü?ü"
"ADANA	Tufanbeyli	Tufanbeyli Malmüdürlü?ü"
"ADANA	Yumurtalik	Yumurtalik Malmüdürlü?ü"
"ADANA	Alada?	Alada? Malmüdürlü?ü"
"ADANA	imamo?lu	imamo?lu Malmüdürlü?ü"
"ADIYAMAN	Merkez	Adiyaman Vergi Dairesi Müdürlü?ü"
"ADIYAMAN	Kahta	Kahta Vergi Dairesi Müdürlü?ü"
"ADIYAMAN	Besni	Besni Malmüdürlü?ü"
"ADIYAMAN	Çelikhan	Çelikhan Malmüdürlü?ü"
"ADIYAMAN	Gerger	Gerger Malmüdürlü?ü"
"ADIYAMAN	Gölbaþi	Gölbaþi Malmüdürlü?ü"
"ADIYAMAN	Samsat	Samsat Malmüdürlü?ü"
"ADIYAMAN	Sincik	Sincik Malmüdürlü?ü"
"ADIYAMAN	Tut	Tut Malmüdürlü?ü"
"AFYONKARAHiSAR	Merkez	Tinaztepe Vergi Dairesi Müdürlü?ü"
"AFYONKARAHiSAR	Merkez	Kocatepe Vergi Dairesi Müdürlü?ü"
"AFYONKARAHiSAR	Dinar	Dinar Vergi Dairesi Müdürlü?ü"
"AFYONKARAHiSAR	Bolvadin	Bolvadin Vergi Dairesi Müdürlü?ü"
"AFYONKARAHiSAR	Emirda?	Emirda? Vergi Dairesi Müdürlü?ü"
"AFYONKARAHiSAR	Sandikli	Sandikli Vergi Dairesi Müdürlü?ü"
"AFYONKARAHiSAR	Çay	Çay Vergi Dairesi Müdürlü?ü"
"AFYONKARAHiSAR	Dazkiri	Dazkiri Malmüdürlü?ü"
"AFYONKARAHiSAR	ihsaniye	ihsaniye Malmüdürlü?ü"
"AFYONKARAHiSAR	Sinanpaþa	Sinanpaþa Malmüdürlü?ü"
"AFYONKARAHiSAR	Sultanda?i	Sultanda?i Malmüdürlü?ü"
"AFYONKARAHiSAR	Þuhut	Þuhut Malmüdürlü?ü"
"AFYONKARAHiSAR	Baþmakçi	Baþmakçi Malmüdürlü?ü"
"AFYONKARAHiSAR	Bayat	Bayat Malmüdürlü?ü"
"AFYONKARAHiSAR	iscehisar	iscehisar Vergi Dairesi Müdürlü?ü"
"AFYONKARAHiSAR	Çobanlar	Çobanlar Malmüdürlü?ü"
"AFYONKARAHiSAR	Evciler	Evciler Malmüdürlü?ü"
"AFYONKARAHiSAR	Hocalar	Hocalar Malmüdürlü?ü"
"AFYONKARAHiSAR	Kizilören	Kizilören Malmüdürlü?ü"
"A?RI	Merkez	A?ri Vergi Dairesi Müdürlü?ü"
"A?RI	Do?ubeyazit	Do?ubeyazit Vergi Dairesi Müdürlü?ü"
"A?RI	Patnos	Patnos Vergi Dairesi Müdürlü?ü"
"A?RI	Diyadin	Diyadin Malmüdürlü?ü"
"A?RI	Eleþkirt	Eleþkirt Malmüdürlü?ü"
"A?RI	Hamur	Hamur Malmüdürlü?ü"
"A?RI	Taþliçay	Taþliçay Malmüdürlü?ü"
"A?RI	Tutak	Tutak Malmüdürlü?ü"
"AMASYA	Merkez	Amasya Vergi Dairesi Müdürlü?ü"
"AMASYA	Merzifon	Merzifon Vergi Dairesi Müdürlü?ü"
"AMASYA	Gümüþhaciköy	Gümüþhaciköy Vergi Dairesi Müdürlü?ü"
"AMASYA	Taþova	Taþova Vergi Dairesi Müdürlü?ü"
"AMASYA	Suluova	Suluova Vergi Dairesi Müdürlü?ü"
"AMASYA	Göynücek	Göynücek Malmüdürlü?ü"
"AMASYA	Hamamözü	Hamamözü Malmüdürlü?ü"
"ANKARA	Merkez	Anadolu ihtisas Vergi Dairesi Müdürlü?ü"
"ANKARA	Merkez	Ankara ihtisas Vergi Dairesi Müdürlü?ü"
"ANKARA	Merkez	Kavaklidere Vergi Dairesi Müdürlü?ü"
"ANKARA	Merkez	Hitit Vergi Dairesi Müdürlü?ü"
"ANKARA	Merkez	Ostim Vergi Dairesi Müdürlü?ü"
"ANKARA	Merkez	Veraset ve Harçlar Vergi Dairesi Müdürlü?ü"
"ANKARA	Merkez	Maltepe Vergi Dairesi Müdürlü?ü"
"ANKARA	Merkez	Yenimahalle Vergi Dairesi Müdürlü?ü"
"ANKARA	Merkez	Çankaya Vergi Dairesi Müdürlü?ü"
"ANKARA	Merkez	Kizilbey Vergi Dairesi Müdürlü?ü"
"ANKARA	Merkez	Mithatpaþa Vergi Dairesi Müdürlü?ü"
"ANKARA	Merkez	Ulus Vergi Dairesi Müdürlü?ü"
"ANKARA	Merkez	Yildirim Beyazit Vergi Dairesi Müdürlü?ü"
"ANKARA	Merkez	Se?menler Vergi Dairesi Müdürlü?ü"
"ANKARA	Merkez	Dikimevi Vergi Dairesi Müdürlü?ü"
"ANKARA	Merkez	Do?anbey Vergi Dairesi Müdürlü?ü"
"ANKARA	Merkez	Ye?enbey Vergi Dairesi Müdürlü?ü"
"ANKARA	Merkez	Yahya Galip Vergi Dairesi Müdürlü?ü"
"ANKARA	Merkez	Muhammet Karagüzel Vergi Dairesi Müdürlü?ü"
"ANKARA	Merkez	Gölbaþi Vergi Dairesi Müdürlü?ü"
"ANKARA	Merkez	Sincan Vergi Dairesi Müdürlü?ü"
"ANKARA	Merkez	Diþkapi Vergi Dairesi Müdürlü?ü"
"ANKARA	Merkez	Etimesgut Vergi Dairesi Müdürlü?ü"
"ANKARA	Merkez	Baþkent Vergi Dairesi Müdürlü?ü"
"ANKARA	Merkez	Cumhuriyet Vergi Dairesi Müdürlü?ü"
"ANKARA	Merkez	Keçiören Vergi Dairesi Müdürlü?ü"
"ANKARA	Merkez- (5216)	Kahramankazan Vergi Dairesi Müdürlü?ü"
"ANKARA	Polatli	Polatli Vergi Dairesi Müdürlü?ü"
"ANKARA	Þereflikoçhisar	Þereflikoçhisar Vergi Dairesi Müdürlü?ü"
"ANKARA	Beypazari	Beypazari Vergi Dairesi Müdürlü?ü"
"ANKARA	Merkez- (5216)	Çubuk Vergi Dairesi Müdürlü?ü"
"ANKARA	Haymana	Haymana Vergi Dairesi Müdürlü?ü"
"ANKARA	Merkez- (5216)	Elmada? Vergi Dairesi Müdürlü?ü"
"ANKARA	Merkez- (5216)	Ayaþ Malmüdürlü?ü"
"ANKARA	Merkez- (5216)	Balâ Malmüdürlü?ü"
"ANKARA	Çamlidere	Çamlidere Malmüdürlü?ü"
"ANKARA	Güdül	Güdül Malmüdürlü?ü"
"ANKARA	Merkez- (5216)	Kalecik Malmüdürlü?ü"
"ANKARA	Kizilcahamam	Kizilcahamam Malmüdürlü?ü"
"ANKARA	Nallihan	Nallihan Malmüdürlü?ü"
"ANKARA	Merkez- (5216)	Akyurt Malmüdürlü?ü"
"ANKARA	Evren	Evren Malmüdürlü?ü"
"ANTALYA	Merkez	Antalya Kurumlar Vergi Dairesi Müdürlü?ü"
"ANTALYA	Merkez	Antalya ihtisas Vergi Dairesi Müdürlü?ü"
"ANTALYA	Merkez	Üçkapilar Vergi Dairesi Müdürlü?ü"
"ANTALYA	Merkez	Kalekapi Vergi Dairesi Müdürlü?ü"
"ANTALYA	Merkez	Muratpaþa Vergi Dairesi Müdürlü?ü"
"ANTALYA	Merkez	Düden Vergi Dairesi Müdürlü?ü"
"ANTALYA	Alanya	Alanya Vergi Dairesi Müdürlü?ü"
"ANTALYA	Serik	Serik Vergi Dairesi Müdürlü?ü"
"ANTALYA	Manavgat	Manavgat Vergi Dairesi Müdürlü?ü"
"ANTALYA	Elmali	Elmali Vergi Dairesi Müdürlü?ü"
"ANTALYA	Kemer	Kemer Vergi Dairesi Müdürlü?ü"
"ANTALYA	Kumluca	Kumluca Vergi Dairesi Müdürlü?ü"
"ANTALYA	Finike	Finike Malmüdürlü?ü"
"ANTALYA	Akseki	Akseki Malmüdürlü?ü"
"ANTALYA	Gazipaþa	Gazipaþa Malmüdürlü?ü"
"ANTALYA	Gündo?muþ	Gündo?muþ Malmüdürlü?ü"
"ANTALYA	Kaþ	Kaþ Malmüdürlü?ü"
"ANTALYA	Korkuteli	Korkuteli Malmüdürlü?ü"
"ANTALYA	Demre	Demre Malmüdürlü?ü"
"ANTALYA	ibradi	ibradi Malmüdürlü?ü"
"ARTViN	Merkez	Artvin Vergi Dairesi Müdürlü?ü"
"ARTViN	Hopa	Hopa Vergi Dairesi Müdürlü?ü"
"ARTViN	Arhavi	Arhavi Vergi Dairesi Müdürlü?ü"
"ARTViN	Ardanuç	Ardanuç Malmüdürlü?ü"
"ARTViN	Borçka	Borçka Malmüdürlü?ü"
"ARTViN	Þavþat	Þavþat Malmüdürlü?ü"
"ARTViN	Yusufeli	Yusufeli Malmüdürlü?ü"
"ARTViN	Murgul	Murgul Malmüdürlü?ü"
"AYDIN	Merkez	Efeler Vergi Dairesi Müdürlü?ü"
"AYDIN	Merkez	Güzelhisar Vergi Dairesi Müdürlü?ü"
"AYDIN	Nazilli	Nazilli Vergi Dairesi Müdürlü?ü"
"AYDIN	Söke	Söke Vergi Dairesi Müdürlü?ü"
"AYDIN	Çine	Çine Vergi Dairesi Müdürlü?ü"
"AYDIN	Germencik	Germencik Vergi Dairesi Müdürlü?ü"
"AYDIN	Kuþadasi	Kuþadasi Vergi Dairesi Müdürlü?ü"
"AYDIN	Didim	Didim Vergi Dairesi Müdürlü?ü"
"AYDIN	Bozdo?an	Bozdo?an Malmüdürlü?ü"
"AYDIN	Karacasu	Karacasu Malmüdürlü?ü"
"AYDIN	Koçarli	Koçarli Malmüdürlü?ü"
"AYDIN	Kuyucak	Kuyucak Malmüdürlü?ü"
"AYDIN	Sultanhisar	Sultanhisar Malmüdürlü?ü"
"AYDIN	Yenipazar	Yenipazar Malmüdürlü?ü"
"AYDIN	Buharkent	Buharkent Malmüdürlü?ü"
"AYDIN	incirliova	incirliova Malmüdürlü?ü"
"AYDIN	Karpuzlu	Karpuzlu Malmüdürlü?ü"
"AYDIN	Köþk	Köþk Malmüdürlü?ü"
"BALIKESiR	Merkez	Karesi Vergi Dairesi Müdürlü?ü"
"BALIKESiR	Merkez	Kurtdereli Vergi Dairesi Müdürlü?ü"
"BALIKESiR	Ayvalik	Ayvalik Vergi Dairesi Müdürlü?ü"
"BALIKESiR	Bandirma	Bandirma Vergi Dairesi Müdürlü?ü"
"BALIKESiR	Burhaniye	Burhaniye Vergi Dairesi Müdürlü?ü"
"BALIKESiR	Edremit	Edremit Vergi Dairesi Müdürlü?ü"
"BALIKESiR	Gönen	Gönen Vergi Dairesi Müdürlü?ü"
"BALIKESiR	Susurluk	Susurluk Vergi Dairesi Müdürlü?ü"
"BALIKESiR	Erdek	Erdek Vergi Dairesi Müdürlü?ü"
"BALIKESiR	Bigadiç	Bigadiç Vergi Dairesi Müdürlü?ü"
"BALIKESiR	Sindirgi	Sindirgi Vergi Dairesi Müdürlü?ü"
"BALIKESiR	Dursunbey	Dursunbey Vergi Dairesi Müdürlü?ü"
"BALIKESiR	Balya	Balya Malmüdürlü?ü"
"BALIKESiR	Havran	Havran Malmüdürlü?ü"
"BALIKESiR	ivrindi	ivrindi Malmüdürlü?ü"
"BALIKESiR	Kepsut	Kepsut Malmüdürlü?ü"
"BALIKESiR	Manyas	Manyas Malmüdürlü?ü"
"BALIKESiR	Savaþtepe	Savaþtepe Malmüdürlü?ü"
"BALIKESiR	Marmara	Marmara Malmüdürlü?ü"
"BALIKESiR	Gömeç	Gömeç Malmüdürlü?ü"
"BiLECiK	Merkez	Bilecik Vergi Dairesi Müdürlü?ü"
"BiLECiK	Bozüyük	Bozüyük Vergi Dairesi Müdürlü?ü"
"BiLECiK	Gölpazari	Gölpazari Malmüdürlü?ü"
"BiLECiK	Osmaneli	Osmaneli Malmüdürlü?ü"
"BiLECiK	Pazaryeri	Pazaryeri Malmüdürlü?ü"
"BiLECiK	Sö?üt	Sö?üt Malmüdürlü?ü"
"BiLECiK	Yenipazar	Yenipazar Malmüdürlü?ü"
"BiLECiK	inhisar	inhisar Malmüdürlü?ü"
"BiNGÖL	Merkez	Bingöl Vergi Dairesi Müdürlü?ü"
"BiNGÖL	Genç	Genç Malmüdürlü?ü"
"BiNGÖL	Karliova	Karliova Malmüdürlü?ü"
"BiNGÖL	Ki?i	Ki?i Malmüdürlü?ü"
"BiNGÖL	Solhan	Solhan Malmüdürlü?ü"
"BiNGÖL	Adakli	Adakli Malmüdürlü?ü"
"BiNGÖL	Yayladere	Yayladere Malmüdürlü?ü"
"BiNGÖL	Yedisu	Yedisu Malmüdürlü?ü"
"BiTLiS	Merkez	Bitlis Vergi Dairesi Müdürlü?ü"
"BiTLiS	Tatvan	Tatvan Vergi Dairesi Müdürlü?ü"
"BiTLiS	Adilcevaz	Adilcevaz Malmüdürlü?ü"
"BiTLiS	Ahlat	Ahlat Malmüdürlü?ü"
"BiTLiS	Hizan	Hizan Malmüdürlü?ü"
"BiTLiS	Mutki	Mutki Malmüdürlü?ü"
"BiTLiS	Göroymak	Güroymak Malmüdürlü?ü"
"BOLU	Merkez	Bolu Vergi Dairesi Müdürlü?ü"
"BOLU	Gerede	Gerede Vergi Dairesi Müdürlü?ü"
"BOLU	Göynük	Göynük Malmüdürlü?ü"
"BOLU	Kibriscik	Kibriscik Malmüdürlü?ü"
"BOLU	Mengen	Mengen Malmüdürlü?ü"
"BOLU	Mudurnu	Mudurnu Malmüdürlü?ü"
"BOLU	Seben	Seben Malmüdürlü?ü"
"BOLU	Dörtdivan	Dörtdivan Malmüdürlü?ü"
"BOLU	Yeniça?a	Yeniça?a Malmüdürlü?ü"
"BURDUR	Merkez	Burdur Vergi Dairesi Müdürlü?ü"
"BURDUR	Bucak	Bucak Vergi Dairesi Müdürlü?ü"
"BURDUR	A?lasun	A?lasun Malmüdürlü?ü"
"BURDUR	Gölhisar	Gölhisar Malmüdürlü?ü"
"BURDUR	Tefenni	Tefenni Malmüdürlü?ü"
"BURDUR	Yeþilova	Yeþilova Malmüdürlü?ü"
"BURDUR	Karamanli	Karamanli Malmüdürlü?ü"
"BURDUR	Kemer	Kemer Malmüdürlü?ü"
"BURDUR	Altinyayla	Altinyayla Malmüdürlü?ü"
"BURDUR	Çavdir	Çavdir Malmüdürlü?ü"
"BURDUR	Çeltikçi	Çeltikçi Malmüdürlü?ü"
"BURSA	Merkez	Bursa ihtisas Vergi Dairesi Müdürlü?ü"
"BURSA	Merkez	Osmangazi Vergi Dairesi Müdürlü?ü"
"BURSA	Merkez	Yildirim Vergi Dairesi Müdürlü?ü"
"BURSA	Merkez	Çekirge Vergi Dairesi Müdürlü?ü"
"BURSA	Merkez	Setbaþi Vergi Dairesi Müdürlü?ü"
"BURSA	Merkez	Uluda? Vergi Dairesi Müdürlü?ü"
"BURSA	Merkez	Yeþil Vergi Dairesi Müdürlü?ü"
"BURSA	Merkez	Nilüfer Vergi Dairesi Müdürlü?ü"
"BURSA	Merkez	Ertu?rulgazi Vergi Dairesi Müdürlü?ü"
"BURSA	Merkez	Gökdere Vergi Dairesi Müdürlü?ü"
"BURSA	Merkez- (5216)	Gemlik Vergi Dairesi Müdürlü?ü"
"BURSA	inegöl	inegöl Vergi Dairesi Müdürlü?ü"
"BURSA	Karacabey	Karacabey Vergi Dairesi Müdürlü?ü"
"BURSA	Mustafakemalpaþa	Mustafakemalpaþa Vergi Dairesi Müdürlü?ü"
"BURSA	Merkez- (5216)	Mudanya Vergi Dairesi Müdürlü?ü"
"BURSA	Orhangazi	Orhangazi Vergi Dairesi Müdürlü?ü"
"BURSA	iznik	iznik Vergi Dairesi Müdürlü?ü"
"BURSA	Yeniþehir	Yeniþehir Vergi Dairesi Müdürlü?ü"
"BURSA	Keles	Keles Malmüdürlü?ü"
"BURSA	Orhaneli	Orhaneli Malmüdürlü?ü"
"BURSA	Harmancik	Harmancik Malmüdürlü?ü"
"BURSA	Büyükorhan	Büyükorhan Malmüdürlü?ü"
"ÇANAKKALE	Merkez	Çanakkale Vergi Dairesi Müdürlü?ü"
"ÇANAKKALE	Biga	Biga Vergi Dairesi Müdürlü?ü"
"ÇANAKKALE	Çan	Çan Vergi Dairesi Müdürlü?ü"
"ÇANAKKALE	Gelibolu	Gelibolu Vergi Dairesi Müdürlü?ü"
"ÇANAKKALE	Ayvacik	Ayvacik Malmüdürlü?ü"
"ÇANAKKALE	Bayramiç	Bayramiç Malmüdürlü?ü"
"ÇANAKKALE	Bozcaada	Bozcaada Malmüdürlü?ü"
"ÇANAKKALE	Eceabat	Eceabat Malmüdürlü?ü"
"ÇANAKKALE	Ezine	Ezine Malmüdürlü?ü"
"ÇANAKKALE	Gökçeada	Gökçeada Malmüdürlü?ü"
"ÇANAKKALE	Lapseki	Lapseki Malmüdürlü?ü"
"ÇANAKKALE	Yenice	Yenice Malmüdürlü?ü"
"ÇANKIRI	Merkez	Çankiri Vergi Dairesi Müdürlü?ü"
"ÇANKIRI	Çerkeþ	Çerkeþ Malmüdürlü?ü"
"ÇANKIRI	Eldivan	Eldivan Malmüdürlü?ü"
"ÇANKIRI	Ilgaz	Ilgaz Malmüdürlü?ü"
"ÇANKIRI	Kurþunlu	Kurþunlu Malmüdürlü?ü"
"ÇANKIRI	Orta	Orta Malmüdürlü?ü"
"ÇANKIRI	Þabanözü	Þabanözü Malmüdürlü?ü"
"ÇANKIRI	Yaprakli	Yaprakli Malmüdürlü?ü"
"ÇANKIRI	Atkaracalar	Atkaracalar Malmüdürlü?ü"
"ÇANKIRI	Kizilirmak	Kizilirmak Malmüdürlü?ü"
"ÇANKIRI	Bayramören	Bayramören Malmüdürlü?ü"
"ÇANKIRI	Korgun	Korgun Malmüdürlü?ü"
"ÇORUM	Merkez	Çorum Vergi Dairesi Müdürlü?ü"
"ÇORUM	Sungurlu	Sungurlu Vergi Dairesi Müdürlü?ü"
"ÇORUM	Alaca	Alaca Malmüdürlü?ü"
"ÇORUM	Bayat	Bayat Malmüdürlü?ü"
"ÇORUM	iskilip	iskilip Malmüdürlü?ü"
"ÇORUM	Kargi	Kargi Malmüdürlü?ü"
"ÇORUM	Mecitözü	Mecitözü Malmüdürlü?ü"
"ÇORUM	Ortaköy	Ortaköy Malmüdürlü?ü"
"ÇORUM	Osmancik	Osmancik Malmüdürlü?ü"
"ÇORUM	Bo?azkale	Bo?azkale Malmüdürlü?ü"
"ÇORUM	U?urluda?	U?urluda? Malmüdürlü?ü"
"ÇORUM	Dodurga	Dodurga Malmüdürlü?ü"
"ÇORUM	O?uzlar	O?uzlar Malmüdürlü?ü"
"ÇORUM	Laçin	Laçin Malmüdürlü?ü"
"DENiZLi	Merkez	Çinar Vergi Dairesi Müdürlü?ü"
"DENiZLi	Merkez	Gökpinar Vergi Dairesi Müdürlü?ü"
"DENiZLi	Merkez	Saraylar Vergi Dairesi Müdürlü?ü"
"DENiZLi	Merkez	Denizli ihtisas Vergi Dairesi Müdürlü?ü"
"DENiZLi	Merkez	Pamukkale Vergi Dairesi Müdürlü?ü"
"DENiZLi	Sarayköy	Sarayköy Vergi Dairesi Müdürlü?ü"
"DENiZLi	Acipayam	Acipayam Vergi Dairesi Müdürlü?ü"
"DENiZLi	Tavas	Tavas Vergi Dairesi Müdürlü?ü"
"DENiZLi	Buldan	Buldan Vergi Dairesi Müdürlü?ü"
"DENiZLi	Çal	Çal Vergi Dairesi Müdürlü?ü"
"DENiZLi	Çivril	Çivril Vergi Dairesi Müdürlü?ü"
"DENiZLi	Çameli	Çameli Malmüdürlü?ü"
"DENiZLi	Çardak	Çardak Malmüdürlü?ü"
"DENiZLi	Güney	Güney Malmüdürlü?ü"
"DENiZLi	Kale	Kale Malmüdürlü?ü"
"DENiZLi	Babada?	Babada? Malmüdürlü?ü"
"DENiZLi	Bekilli	Bekilli Malmüdürlü?ü"
"DENiZLi	Honaz	Honaz Malmüdürlü?ü"
"DENiZLi	Serinhisar	Serinhisar Malmüdürlü?ü"
"DENiZLi	Akköy	Akköy Malmüdürlü?ü"
"DENiZLi	Baklan	Baklan Malmüdürlü?ü"
"DENiZLi	Beya?aç	Beya?aç Malmüdürlü?ü"
"DENiZLi	Bozkurt	Bozkurt Malmüdürlü?ü"
"DiYARBAKIR	Merkez	Gökalp Vergi Dairesi Müdürlü?ü"
"DiYARBAKIR	Merkez	Süleyman Nazif Vergi Dairesi Müdürlü?ü"
"DiYARBAKIR	Merkez	Cahit Sitki Taranci Vergi Dairesi Müdürlü?ü"
"DiYARBAKIR	Bismil	Bismil Malmüdürlü?ü"
"DiYARBAKIR	Çermik	Çermik Malmüdürlü?ü"
"DiYARBAKIR	Çinar	Çinar Malmüdürlü?ü"
"DiYARBAKIR	Çüngüþ	Çüngüþ Malmüdürlü?ü"
"DiYARBAKIR	Dicle	Dicle Malmüdürlü?ü"
"DiYARBAKIR	Ergani	Ergani Malmüdürlü?ü"
"DiYARBAKIR	Hani	Hani Malmüdürlü?ü"
"DiYARBAKIR	Hazro	Hazro Malmüdürlü?ü"
"DiYARBAKIR	Kulp	Kulp Malmüdürlü?ü"
"DiYARBAKIR	Lice	Lice Malmüdürlü?ü"
"DiYARBAKIR	Silvan	Silvan Malmüdürlü?ü"
"DiYARBAKIR	E?il	E?il Malmüdürlü?ü"
"DiYARBAKIR	Kocaköy	Kocaköy Malmüdürlü?ü"
"EDiRNE	Merkez	Arda Vergi Dairesi Müdürlü?ü"
"EDiRNE	Merkez	Kirkpinar Vergi Dairesi Müdürlü?ü"
"EDiRNE	Keþan	Keþan Vergi Dairesi Müdürlü?ü"
"EDiRNE	Uzunköprü	Uzunköprü Vergi Dairesi Müdürlü?ü"
"EDiRNE	Havsa	Havsa Vergi Dairesi Müdürlü?ü"
"EDiRNE	ipsala	ipsala Vergi Dairesi Müdürlü?ü"
"EDiRNE	Enez	Enez Malmüdürlü?ü"
"EDiRNE	Lalapaþa	Lalapaþa Malmüdürlü?ü"
"EDiRNE	Meriç	Meriç Malmüdürlü?ü"
"EDiRNE	Sülo?lu	Sülo?lu Malmüdürlü?ü"
"ELAZI?	Merkez	Harput Vergi Dairesi Müdürlü?ü"
"ELAZI?	Merkez	Hazar Vergi Dairesi Müdürlü?ü"
"ELAZI?	A?in	A?in Malmüdürlü?ü"
"ELAZI?	Baskil	Baskil Malmüdürlü?ü"
"ELAZI?	Karakoçan	Karakoçan Malmüdürlü?ü"
"ELAZI?	Keban	Keban Malmüdürlü?ü"
"ELAZI?	Maden	Maden Malmüdürlü?ü"
"ELAZI?	Palu	Palu Malmüdürlü?ü"
"ELAZI?	Sivrice	Sivrice Malmüdürlü?ü"
"ELAZI?	Aricak	Aricak Malmüdürlü?ü"
"ELAZI?	Kovancilar	Kovancilar Malmüdürlü?ü"
"ELAZI?	Alacakaya	Alacakaya Malmüdürlü?ü"
"ERZiNCAN	Merkez	Fevzipaþa Vergi Dairesi Müdürlü?ü"
"ERZiNCAN	Çayirli	Çayirli Malmüdürlü?ü"
"ERZiNCAN	iliç	iliç Malmüdürlü?ü"
"ERZiNCAN	Kemah	Kemah Malmüdürlü?ü"
"ERZiNCAN	Kemaliye	Kemaliye Malmüdürlü?ü"
"ERZiNCAN	Refahiye	Refahiye Malmüdürlü?ü"
"ERZiNCAN	Tercan	Tercan Malmüdürlü?ü"
"ERZiNCAN	Üzümlü	Üzümlü Malmüdürlü?ü"
"ERZiNCAN	Otlukbeli	Otlukbeli Malmüdürlü?ü"
"ERZURUM	Merkez	Aziziye Vergi Dairesi Müdürlü?ü"
"ERZURUM	Merkez	Kazimkarabekir Vergi Dairesi Müdürlü?ü"
"ERZURUM	Aþkale	Aþkale Malmüdürlü?ü"
"ERZURUM	Çat	Çat Malmüdürlü?ü"
"ERZURUM	Hinis	Hinis Malmüdürlü?ü"
"ERZURUM	Horasan	Horasan Malmüdürlü?ü"
"ERZURUM	ispir	ispir Malmüdürlü?ü"
"ERZURUM	Karayazi	Karayazi Malmüdürlü?ü"
"ERZURUM	Narman	Narman Malmüdürlü?ü"
"ERZURUM	Oltu	Oltu Malmüdürlü?ü"
"ERZURUM	Olur	Olur Malmüdürlü?ü"
"ERZURUM	Pasinler	Pasinler Malmüdürlü?ü"
"ERZURUM	Þenkaya	Þenkaya Malmüdürlü?ü"
"ERZURUM	Tekman	Tekman Malmüdürlü?ü"
"ERZURUM	Tortum	Tortum Malmüdürlü?ü"
"ERZURUM	Karaçoban	Karaçoban Malmüdürlü?ü"
"ERZURUM	Uzundere	Uzundere Malmüdürlü?ü"
"ERZURUM	Pazaryolu	Pazaryolu Malmüdürlü?ü"
"ERZURUM	Merkez- (5216)	Aziziye (Ilica) Malmüdürlü?ü"
"ERZURUM	Köprüköy	Köprüköy Malmüdürlü?ü"
"ESKiÞEHiR	Merkez Baþkanlik	Eskiþehir Vergi Dairesi Baþkanli?i (*)"
"ESKiÞEHiR	Mahmudiye	Mahmudiye Malmüdürlü?ü"
"ESKiÞEHiR	Mihaliççik	Mihaliççik Malmüdürlü?ü"
"ESKiÞEHiR	Saricakaya	Saricakaya Malmüdürlü?ü"
"ESKiÞEHiR	Seyitgazi	Seyitgazi Malmüdürlü?ü"
"ESKiÞEHiR	Alpu	Alpu Malmüdürlü?ü"
"ESKiÞEHiR	Beylikova	Beylikova Malmüdürlü?ü"
"ESKiÞEHiR	inönü	inönü Malmüdürlü?ü"
"ESKiÞEHiR	Günyüzü	Günyüzü Malmüdürlü?ü"
"ESKiÞEHiR	Han	Han Malmüdürlü?ü"
"ESKiÞEHiR	Mihalgazi	Mihalgazi Malmüdürlü?ü"
"GAZiANTEP	Merkez	Gaziantep ihtisas Vergi Dairesi Müdürlü?ü"
"GAZiANTEP	Merkez	Suburcu Vergi Dairesi Müdürlü?ü"
"GAZiANTEP	Merkez	Þehitkâmil Vergi Dairesi Müdürlü?ü"
"GAZiANTEP	Merkez	Þahinbey Vergi Dairesi Müdürlü?ü"
"GAZiANTEP	Merkez	Gazikent Vergi Dairesi Müdürlü?ü"
"GAZiANTEP	Merkez	Kozanli Vergi Dairesi Müdürlü?ü"
"GAZiANTEP	Nizip	Nizip Vergi Dairesi Müdürlü?ü"
"GAZiANTEP	islahiye	islahiye Vergi Dairesi Müdürlü?ü"
"GAZiANTEP	Araban	Araban Malmüdürlü?ü"
"GAZiANTEP	Merkez- (5216)	O?uzeli Malmüdürlü?ü"
"GAZiANTEP	Yavuzeli	Yavuzeli Malmüdürlü?ü"
"GAZiANTEP	Karkamiþ	Karkamiþ Malmüdürlü?ü"
"GAZiANTEP	Nurda?i	Nurda?i Malmüdürlü?ü"
"GiRESUN	Merkez	Giresun Vergi Dairesi Müdürlü?ü"
"GiRESUN	Bulancak	Bulancak Vergi Dairesi Müdürlü?ü"
"GiRESUN	Alucra	Alucra Malmüdürlü?ü"
"GiRESUN	Dereli	Dereli Malmüdürlü?ü"
"GiRESUN	Espiye	Espiye Malmüdürlü?ü"
"GiRESUN	Eynesil	Eynesil Malmüdürlü?ü"
"GiRESUN	Görele	Görele Malmüdürlü?ü"
"GiRESUN	Keþap	Keþap Malmüdürlü?ü"
"GiRESUN	Þebinkarahisar	Þebinkarahisar Malmüdürlü?ü"
"GiRESUN	Tirebolu	Tirebolu Malmüdürlü?ü"
"GiRESUN	Piraziz	Piraziz Malmüdürlü?ü"
"GiRESUN	Ya?lidere	Ya?lidere Malmüdürlü?ü"
"GiRESUN	Çanakçi	Çanakçi Malmüdürlü?ü"
"GiRESUN	Güce	Güce Malmüdürlü?ü"
"GiRESUN	Çamoluk	Çamoluk Malmüdürlü?ü"
"GiRESUN	Do?ankent	Do?ankent Malmüdürlü?ü"
"GÜMÜÞHANE	Merkez	Gümüþhane Vergi Dairesi Müdürlü?ü"
"GÜMÜÞHANE	Kelkit	Kelkit Malmüdürlü?ü"
"GÜMÜÞHANE	Þiran	Þiran Malmüdürlü?ü"
"GÜMÜÞHANE	Torul	Torul Malmüdürlü?ü"
"GÜMÜÞHANE	Köse	Köse Malmüdürlü?ü"
"GÜMÜÞHANE	Kürtün	Kürtün Malmüdürlü?ü"
"HAKKARi	Merkez	Hakkari Vergi Dairesi Müdürlü?ü"
"HAKKARi	Yüksekova	Yüksekova  Vergi Dairesi Müdürlü?ü"
"HAKKARi	Çukurca	Çukurca Malmüdürlü?ü"
"HAKKARi	Þemdinli	Þemdinli Malmüdürlü?ü"
"HATAY	Merkez	23 Temmuz Vergi Dairesi Müdürlü?ü"
"HATAY	Merkez	Antakya Vergi Dairesi Müdürlü?ü"
"HATAY	Merkez	Þükrükanatli Vergi Dairesi Müdürlü?ü"
"HATAY	iskenderun	Sahil Vergi Dairesi Müdürlü?ü"
"HATAY	iskenderun	Akdeniz Vergi Dairesi Müdürlü?ü"
"HATAY	iskenderun	Asim Gündüz Vergi Dairesi Müdürlü?ü"
"HATAY	Dörtyol	Dörtyol  Vergi Dairesi Müdürlü?ü"
"HATAY	Kirikhan	Kirikhan Vergi Dairesi Müdürlü?ü"
"HATAY	Reyhanli	Reyhanli Vergi Dairesi Müdürlü?ü"
"HATAY	Samanda?	Samanda? Vergi Dairesi Müdürlü?ü"
"HATAY	Altinözü	Altinözü Malmüdürlü?ü"
"HATAY	Hassa	Hassa Malmüdürlü?ü"
"HATAY	Yaylada?i	Yaylada?i Malmüdürlü?ü"
"HATAY	Erzin	Erzin Malmüdürlü?ü"
"HATAY	Belen	Belen Malmüdürlü?ü"
"HATAY	Kumlu	Kumlu Malmüdürlü?ü"
"ISPARTA	Merkez	Davraz Vergi Dairesi Müdürlü?ü"
"ISPARTA	Merkez	Kaymakkapi Vergi Dairesi Müdürlü?ü"
"ISPARTA	E?irdir	E?irdir Vergi Dairesi Müdürlü?ü"
"ISPARTA	Yalvaç	Yalvaç Vergi Dairesi Müdürlü?ü"
"ISPARTA	Atabey	Atabey Malmüdürlü?ü"
"ISPARTA	Gelendost	Gelendost Malmüdürlü?ü"
"ISPARTA	Keçiborlu	Keçiborlu Malmüdürlü?ü"
"ISPARTA	Senirkent	Senirkent Malmüdürlü?ü"
"ISPARTA	Sütçüler	Sütçüler Malmüdürlü?ü"
"ISPARTA	Þarkikaraa?aç	Þarkikaraa?aç Malmüdürlü?ü"
"ISPARTA	Uluborlu	Uluborlu Malmüdürlü?ü"
"ISPARTA	Aksu	Aksu Malmüdürlü?ü"
"ISPARTA	Gönen	Gönen Malmüdürlü?ü"
"ISPARTA	Yeniþarbademli	Yeniþarbademli Malmüdürlü?ü"
"MERSiN	Merkez	istiklâl Vergi Dairesi Müdürlü?ü"
"MERSiN	Merkez	Uray Vergi Dairesi Müdürlü?ü"
"MERSiN	Merkez	Liman Vergi Dairesi Müdürlü?ü"
"MERSiN	Merkez	Toros Vergi Dairesi Müdürlü?ü"
"MERSiN	Merkez	Mersin ihtisas Vergi Dairesi Müdürlü?ü"
"MERSiN	Erdemli	Erdemli Vergi Dairesi Müdürlü?ü"
"MERSiN	Silifke	Silifke Vergi Dairesi Müdürlü?ü"
"MERSiN	Anamur	Anamur Vergi Dairesi Müdürlü?ü"
"MERSiN	Tarsus	Kizilmurat Vergi Dairesi Müdürlü?ü"
"MERSiN	Tarsus	Þehitkerim Vergi Dairesi Müdürlü?ü"
"MERSiN	Gülnar	Gülnar Malmüdürlü?ü"
"MERSiN	Mut	Mut Malmüdürlü?ü"
"MERSiN	Aydincik	Aydincik Malmüdürlü?ü"
"MERSiN	Bozyazi	Bozyazi Malmüdürlü?ü"
"MERSiN	Çamliyayla	Çamliyayla Malmüdürlü?ü"
"iSTANBUL	Merkez Baþkanlik	Büyük Mükellefler Vergi Dairesi Baþkanli?i (*)"
"iSTANBUL	Merkez	Bo?aziçi Kurumlar Vergi Dairesi Müdürlü?ü"
"iSTANBUL	Merkez	Anadolu Kurumlar Vergi Dairesi Müdürlü?ü"
"iSTANBUL	Merkez	Marmara Kurumlar Vergi Dairesi Müdürlü?ü"
"iSTANBUL	Merkez	Haliç ihtisas Vergi Dairesi Müdürlü?ü"
"iSTANBUL	Merkez	Vatan ihtisas Vergi Dairesi Müdürlü?ü"
"iSTANBUL	Merkez	Çamlica ihtisas Vergi Dairesi Müdürlü?ü"
"iSTANBUL	Merkez	Alemda? Vergi Dairesi Müdürlü?ü"
"iSTANBUL	Merkez	Beyo?lu Vergi Dairesi Müdürlü?ü"
"iSTANBUL	Merkez	Halkali Vergi Dairesi Müdürlü?ü"
"iSTANBUL	Merkez	Davutpaþa Vergi Dairesi Müdürlü?ü"
"iSTANBUL	Merkez	Esenler Vergi Dairesi Müdürlü?ü"
"iSTANBUL	Merkez	Fatih Vergi Dairesi Müdürlü?ü"
"iSTANBUL	Merkez	Küçükköy Vergi Dairesi Müdürlü?ü"
"iSTANBUL	Merkez	Merter Vergi Dairesi Müdürlü?ü"
"iSTANBUL	Merkez	Sultanbeyli Vergi Dairesi Müdürlü?ü"
"iSTANBUL	Merkez	Tuzla Vergi Dairesi Müdürlü?ü"
"iSTANBUL	Merkez	Kozyata?i Vergi Dairesi Müdürlü?ü"
"iSTANBUL	Merkez	Maslak Vergi Dairesi Müdürlü?ü"
"iSTANBUL	Merkez	Zincirlikuyu Vergi Dairesi Müdürlü?ü"
"iSTANBUL	Merkez	ikitelli Vergi Dairesi Müdürlü?ü"
"iSTANBUL	Merkez	Beþiktaþ Vergi Dairesi Müdürlü?ü"
"iSTANBUL	Merkez	Ümraniye Vergi Dairesi Müdürlü?ü"
"iSTANBUL	Merkez	Yeditepe Veraset ve Harçlar Vergi Dairesi Müdürlü?"
"iSTANBUL	Merkez	Kasimpaþa Vergi Dairesi Müdürlü?ü"
"iSTANBUL	Merkez	Erenköy Vergi Dairesi Müdürlü?ü"
"iSTANBUL	Merkez	Hisar Veraset ve Harçlar Vergi Dairesi Müdürlü?ü"
"iSTANBUL	Merkez	Tuna Vergi Dairesi Müdürlü?ü"
"iSTANBUL	Merkez	Rihtim Veraset ve Harçlar Vergi Dairesi Müdürlü?ü"
"iSTANBUL	Merkez	Güngören Vergi Dairesi Müdürlü?ü"
"iSTANBUL	Merkez	Kocasinan Vergi Dairesi Müdürlü?ü"
"iSTANBUL	Merkez	Güneþli Vergi Dairesi Müdürlü?ü"
"iSTANBUL	Merkez	Küçükyali Vergi Dairesi Müdürlü?ü"
"iSTANBUL	Merkez	Pendik Vergi Dairesi Müdürlü?ü"
"iSTANBUL	Merkez	Bayrampaþa Vergi Dairesi Müdürlü?ü"
"iSTANBUL	Merkez	Beyazit Vergi Dairesi Müdürlü?ü"
"iSTANBUL	Merkez	Gaziosmanpaþa Vergi Dairesi Müdürlü?ü"
"iSTANBUL	Merkez	Göztepe Vergi Dairesi Müdürlü?ü"
"iSTANBUL	Merkez	Hocapaþa Vergi Dairesi Müdürlü?ü"
"iSTANBUL	Merkez	Kadiköy Vergi Dairesi Müdürlü?ü"
"iSTANBUL	Merkez	Kocamustafapaþa Vergi Dairesi Müdürlü?ü"
"iSTANBUL	Merkez	Mecidiyeköy Vergi Dairesi Müdürlü?ü"
"iSTANBUL	Merkez	Þiþli Vergi Dairesi Müdürlü?ü"
"iSTANBUL	Merkez	Üsküdar Vergi Dairesi Müdürlü?ü"
"iSTANBUL	Merkez	Ka?ithane Vergi Dairesi Müdürlü?ü"
"iSTANBUL	Merkez	Zeytinburnu Vergi Dairesi Müdürlü?ü"
"iSTANBUL	Merkez	Beykoz Vergi Dairesi Müdürlü?ü"
"iSTANBUL	Merkez	Sariyer Vergi Dairesi Müdürlü?ü"
"iSTANBUL	Merkez	Bakirköy Vergi Dairesi Müdürlü?ü"
"iSTANBUL	Merkez	Kartal Vergi Dairesi Müdürlü?ü"
"iSTANBUL	Merkez	Nakil Vasitalari Vergi Dairesi Müdürlü?ü"
"iSTANBUL	Merkez	Sarigazi Vergi Dairesi Müdürlü?ü"
"iSTANBUL	Merkez	Atiþalani Vergi Dairesi Müdürlü?ü"
"iSTANBUL	Merkez	Yakacik Vergi Dairesi Müdürlü?ü"
"iSTANBUL	Merkez	Yenibosna Vergi Dairesi Müdürlü?ü"
"iSTANBUL	Merkez	Avcilar Vergi Dairesi Müdürlü?ü"
"iSTANBUL	Merkez	Küçükçekmece Vergi Dairesi Müdürlü?ü"
"iSTANBUL	Merkez	Beylikdüzü Vergi Dairesi Müdürlü?ü"
"iSTANBUL	Merkez- (5216)	Adalar Vergi Dairesi Müdürlü?ü"
"iSTANBUL	Merkez- (5216)	Silivri Vergi Dairesi Müdürlü?ü"
"iSTANBUL	Merkez- (5216)	Büyükçekmece Vergi Dairesi Müdürlü?ü"
"iSTANBUL	Merkez- (5216)	Þile Vergi Dairesi Müdürlü?ü"
"iZMiR	Merkez	Bornova Vergi Dairesi Müdürlü?ü"
"iZMiR	Merkez	Çakabey Vergi Dairesi Müdürlü?ü"
"iZMiR	Merkez	Kordon Vergi Dairesi Müdürlü?ü"
"iZMiR	Merkez	Hasan Tahsin Vergi Dairesi Müdürlü?ü"
"iZMiR	Merkez	izmir ihtisas Vergi Dairesi Müdürlü?ü"
"iZMiR	Merkez	9 Eylül Vergi Dairesi Müdürlü?ü"
"iZMiR	Merkez	Yamanlar Vergi Dairesi Müdürlü?ü"
"iZMiR	Merkez	Karþiyaka Vergi Dairesi Müdürlü?ü"
"iZMiR	Merkez	Kemeralti Vergi Dairesi Müdürlü?ü"
"iZMiR	Merkez	Konak Vergi Dairesi Müdürlü?ü"
"iZMiR	Merkez	Þirinyer Vergi Dairesi Müdürlü?ü"
"iZMiR	Merkez	Kadifekale Vergi Dairesi Müdürlü?ü"
"iZMiR	Merkez	Taþitlar Vergi Dairesi Müdürlü?ü"
"iZMiR	Merkez	Belkahve Vergi Dairesi Müdürlü?ü"
"iZMiR	Merkez	Balçova Vergi Dairesi Müdürlü?ü"
"iZMiR	Merkez	Gaziemir Vergi Dairesi Müdürlü?ü"
"iZMiR	Merkez	Ege Vergi Dairesi Müdürlü?ü"
"iZMiR	Merkez	Çi?li Vergi Dairesi Müdürlü?ü"
"iZMiR	Bayindir	Bayindir Vergi Dairesi Müdürlü?ü"
"iZMiR	Bergama	Bergama Vergi Dairesi Müdürlü?ü"
"iZMiR	Merkez- (5216)	Menemen Vergi Dairesi Müdürlü?ü"
"iZMiR	Ödemiþ	Ödemiþ Vergi Dairesi Müdürlü?ü"
"iZMiR	Tire	Tire Vergi Dairesi Müdürlü?ü"
"iZMiR	Merkez- (5216)	Torbali Vergi Dairesi Müdürlü?ü"
"iZMiR	Merkez- (5216)	Kemalpaþa Vergi Dairesi Müdürlü?ü"
"iZMiR	Merkez- (5216)	Urla Vergi Dairesi Müdürlü?ü"
"iZMiR	Selçuk	Selçuk Vergi Dairesi Müdürlü?ü"
"iZMiR	Kinik	Kinik Vergi Dairesi Müdürlü?ü"
"iZMiR	Kiraz	Kiraz Vergi Dairesi Müdürlü?ü"
"iZMiR	Çeþme	Çeþme Vergi Dairesi Müdürlü?ü"
"iZMiR	Merkez- (5216)	Alia?a Vergi Dairesi Müdürlü?ü"
"iZMiR	Merkez- (5216)	Menderes Vergi Dairesi Müdürlü?ü"
"iZMiR	Dikili	Dikili Malmüdürlü?ü"
"iZMiR	Merkez- (5216)	Foça Malmüdürlü?ü"
"iZMiR	Karaburun	Karaburun Malmüdürlü?ü"
"iZMiR	Merkez- (5216)	Seferihisar Malmüdürlü?ü"
"iZMiR	Beyda?	Beyda? Malmüdürlü?ü"
"KARS	Merkez	Kars Vergi Dairesi Müdürlü?ü"
"KARS	Arpaçay	Arpaçay Malmüdürlü?ü"
"KARS	Digor	Digor Malmüdürlü?ü"
"KARS	Ka?izman	Ka?izman Malmüdürlü?ü"
"KARS	Sarikamiþ	Sarikamiþ Malmüdürlü?ü"
"KARS	Selim	Selim Malmüdürlü?ü"
"KARS	Susuz	Susuz Malmüdürlü?ü"
"KARS	Akyaka	Akyaka Malmüdürlü?ü"
"KASTAMONU	Merkez	Kastamonu Vergi Dairesi Müdürlü?ü"
"KASTAMONU	Tosya	Tosya Vergi Dairesi Müdürlü?ü"
"KASTAMONU	Taþköprü	Taþköprü Vergi Dairesi Müdürlü?ü"
"KASTAMONU	Araç	Araç Malmüdürlü?ü"
"KASTAMONU	Azdavay	Azdavay Malmüdürlü?ü"
"KASTAMONU	Bozkurt	Bozkurt Malmüdürlü?ü"
"KASTAMONU	Cide	Cide Malmüdürlü?ü"
"KASTAMONU	Çatalzeytin	Çatalzeytin Malmüdürlü?ü"
"KASTAMONU	Daday	Daday Malmüdürlü?ü"
"KASTAMONU	Devrekani	Devrekani Malmüdürlü?ü"
"KASTAMONU	inebolu	inebolu Malmüdürlü?ü"
"KASTAMONU	Küre	Küre Malmüdürlü?ü"
"KASTAMONU	Abana	Abana Malmüdürlü?ü"
"KASTAMONU	ihsangazi	ihsangazi Malmüdürlü?ü"
"KASTAMONU	Pinarbaþi	Pinarbaþi Malmüdürlü?ü"
"KASTAMONU	Þenpazar	Þenpazar Malmüdürlü?ü"
"KASTAMONU	A?li	A?li Malmüdürlü?ü"
"KASTAMONU	Do?anyurt	Do?anyurt Malmüdürlü?ü"
"KASTAMONU	Hanönü	Hanönü Malmüdürlü?ü"
"KASTAMONU	Seydiler	Seydiler Malmüdürlü?ü"
"KAYSERi	Merkez	Kayseri ihtisas Vergi Dairesi Müdürlü?ü"
"KAYSERi	Merkez	Mimar Sinan Vergi Dairesi Müdürlü?ü"
"KAYSERi	Merkez	Erciyes Vergi Dairesi Müdürlü?ü"
"KAYSERi	Merkez	Kaleönü Vergi Dairesi Müdürlü?ü"
"KAYSERi	Merkez	Gevher Nesibe Vergi Dairesi Müdürlü?ü"
"KAYSERi	Develi	Develi Vergi Dairesi Müdürlü?ü"
"KAYSERi	Pinarbaþi	Pinarbaþi Vergi Dairesi Müdürlü?ü"
"KAYSERi	Bünyan	Bünyan Vergi Dairesi Müdürlü?ü"
"KAYSERi	Felahiye	Felahiye Malmüdürlü?ü"
"KAYSERi	incesu	incesu Malmüdürlü?ü"
"KAYSERi	Sario?lan	Sario?lan Malmüdürlü?ü"
"KAYSERi	Sariz	Sariz Malmüdürlü?ü"
"KAYSERi	Tomarza	Tomarza Malmüdürlü?ü"
"KAYSERi	Yahyali	Yahyali Malmüdürlü?ü"
"KAYSERi	Yeþilhisar	Yeþilhisar Malmüdürlü?ü"
"KAYSERi	Akkiþla	Akkiþla Malmüdürlü?ü"
"KAYSERi	Merkez- (5216)	Hacilar Malmüdürlü?ü"
"KAYSERi	Özvatan	Özvatan Malmüdürlü?ü"
"KIRKLARELi	Merkez	Kirklareli Vergi Dairesi Müdürlü?ü"
"KIRKLARELi	Lüleburgaz	Lüleburgaz Vergi Dairesi Müdürlü?ü"
"KIRKLARELi	Babaeski	Babaeski Vergi Dairesi Müdürlü?ü"
"KIRKLARELi	Demirköy	Demirköy Malmüdürlü?ü"
"KIRKLARELi	Kofçaz	Kofçaz Malmüdürlü?ü"
"KIRKLARELi	Pehlivanköy	Pehlivanköy Malmüdürlü?ü"
"KIRKLARELi	Pinarhisar	Pinarhisar Malmüdürlü?ü"
"KIRKLARELi	Vize	Vize Malmüdürlü?ü"
"KIRÞEHiR	Merkez	Kirþehir Vergi Dairesi Müdürlü?ü"
"KIRÞEHiR	Kaman	Kaman Vergi Dairesi Müdürlü?ü"
"KIRÞEHiR	Çiçekda?i	Çiçekda?i Malmüdürlü?ü"
"KIRÞEHiR	Mucur	Mucur Malmüdürlü?ü"
"KIRÞEHiR	Akpinar	Akpinar Malmüdürlü?ü"
"KIRÞEHiR	Akçakent	Akçakent Malmüdürlü?ü"
"KIRÞEHiR	Boztepe	Boztepe Malmüdürlü?ü"
"KOCAELi	Merkez	Kocaeli ihtisas Vergi Dairesi Müdürlü?ü"
"KOCAELi	Merkez	Tepecik Vergi Dairesi Müdürlü?ü"
"KOCAELi	Merkez	Alemdar Vergi Dairesi Müdürlü?ü"
"KOCAELi	Merkez Gebze	Gebze ihtisas Vergi Dairesi Müdürlü?ü"
"KOCAELi	Merkez	Acisu Vergi Dairesi Müdürlü?ü"
"KOCAELi	Merkez- (5216)	Uluçinar Vergi Dairesi Müdürlü?ü"
"KOCAELi	Merkez- (5216)	ilyasbey Vergi Dairesi Müdürlü?ü"
"KOCAELi	Merkez- (5216)	Gölcük Vergi Dairesi Müdürlü?ü"
"KOCAELi	Merkez- (5216)	Karamürsel Vergi Dairesi Müdürlü?ü"
"KOCAELi	Merkez- (5216)	Körfez Vergi Dairesi Müdürlü?ü"
"KOCAELi	Merkez- (5216)	Derince Vergi Dairesi Müdürlü?ü"
"KOCAELi	Merkez- (5216)	Kandira Malmüdürlü?ü"
"KONYA	Merkez	Konya ihtisas Vergi Dairesi Müdürlü?ü"
"KONYA	Merkez	Selçuk Vergi Dairesi Müdürlü?ü"
"KONYA	Merkez	Mevlana Vergi Dairesi Müdürlü?ü"
"KONYA	Merkez	Meram Vergi Dairesi Müdürlü?ü"
"KONYA	Merkez	Alaaddin Vergi Dairesi Müdürlü?ü"
"KONYA	Akþehir	Akþehir Vergi Dairesi Müdürlü?ü"
"KONYA	Ere?li	Ere?li Vergi Dairesi Müdürlü?ü"
"KONYA	Beyþehir	Beyþehir Vergi Dairesi Müdürlü?ü"
"KONYA	Cihanbeyli	Cihanbeyli Vergi Dairesi Müdürlü?ü"
"KONYA	Çumra	Çumra Vergi Dairesi Müdürlü?ü"
"KONYA	Seydiþehir	Seydiþehir Vergi Dairesi Müdürlü?ü"
"KONYA	Ilgin	Ilgin Vergi Dairesi Müdürlü?ü"
"KONYA	Kulu	Kulu Vergi Dairesi Müdürlü?ü"
"KONYA	Karapinar	Karapinar Vergi Dairesi Müdürlü?ü"
"KONYA	Bozkir	Bozkir Malmüdürlü?ü"
"KONYA	Do?anhisar	Do?anhisar Malmüdürlü?ü"
"KONYA	Hadim	Hadim Malmüdürlü?ü"
"KONYA	Kadinhani	Kadinhani Malmüdürlü?ü"
"KONYA	Sarayönü	Sarayönü Malmüdürlü?ü"
"KONYA	Yunak	Yunak Malmüdürlü?ü"
"KONYA	Akören	Akören Malmüdürlü?ü"
"KONYA	Altinekin	Altinekin Malmüdürlü?ü"
"KONYA	Derebucak	Derebucak Malmüdürlü?ü"
"KONYA	Hüyük	Hüyük Malmüdürlü?ü"
"KONYA	Taþkent	Taþkent Malmüdürlü?ü"
"KONYA	Emirgazi	Emirgazi Malmüdürlü?ü"
"KONYA	Güneysinir	Güneysinir Malmüdürlü?ü"
"KONYA	Halkapinar	Halkapinar Malmüdürlü?ü"
"KONYA	Tuzlukçu	Tuzlukçu Malmüdürlü?ü"
"KONYA	Ahirli	Ahirli Malmüdürlü?ü"
"KONYA	Çeltik	Çeltik Malmüdürlü?ü"
"KONYA	Derbent	Derbent Malmüdürlü?ü"
"KONYA	Yalihüyük	Yalihüyük Malmüdürlü?ü"
"KÜTAHYA	Merkez	30 A?ustos Vergi Dairesi Müdürlü?ü"
"KÜTAHYA	Merkez	Çinili Vergi Dairesi Müdürlü?ü"
"KÜTAHYA	Gediz	Gediz Vergi Dairesi Müdürlü?ü"
"KÜTAHYA	Simav	Simav Vergi Dairesi Müdürlü?ü"
"KÜTAHYA	Tavþanli	Tavþanli Vergi Dairesi Müdürlü?ü"
"KÜTAHYA	Emet	Emet Vergi Dairesi Müdürlü?ü"
"KÜTAHYA	Altintaþ	Altintaþ Malmüdürlü?ü"
"KÜTAHYA	Domaniç	Domaniç Malmüdürlü?ü"
"KÜTAHYA	Aslanapa	Aslanapa Malmüdürlü?ü"
"KÜTAHYA	Dumlupinar	Dumlupinar Malmüdürlü?ü"
"KÜTAHYA	Hisarcik	Hisarcik Malmüdürlü?ü"
"KÜTAHYA	Þaphane	Þaphane Malmüdürlü?ü"
"KÜTAHYA	Çavdarhisar	Çavdarhisar Malmüdürlü?ü"
"KÜTAHYA	Pazarlar	Pazarlar Malmüdürlü?ü"
"MALATYA	Merkez	Firat Vergi Dairesi Müdürlü?ü"
"MALATYA	Merkez	Beyda?i Vergi Dairesi Müdürlü?ü"
"MALATYA	Akçada?	Akçada? Malmüdürlü?ü"
"MALATYA	Arapgir	Arapgir Malmüdürlü?ü"
"MALATYA	Arguvan	Arguvan Malmüdürlü?ü"
"MALATYA	Darende	Darende Malmüdürlü?ü"
"MALATYA	Do?anþehir	Do?anþehir Malmüdürlü?ü"
"MALATYA	Hekimhan	Hekimhan Malmüdürlü?ü"
"MALATYA	Pütürge	Pütürge Malmüdürlü?ü"
"MALATYA	Yeþilyurt	Yeþilyurt Malmüdürlü?ü"
"MALATYA	Battalgazi	Battalgazi Malmüdürlü?ü"
"MALATYA	Do?anyol	Do?anyol Malmüdürlü?ü"
"MALATYA	Kale	Kale Malmüdürlü?ü"
"MALATYA	Kuluncak	Kuluncak Malmüdürlü?ü"
"MALATYA	Yazihan	Yazihan Malmüdürlü?ü"
"MANiSA	Merkez	Manisa ihtisas Vergi Dairesi Müdürlü?ü"
"MANiSA	Merkez	Alaybey Vergi Dairesi Müdürlü?ü"
"MANiSA	Merkez	Mesir Vergi Dairesi Müdürlü?ü"
"MANiSA	Akhisar	Akhisar Vergi Dairesi Müdürlü?ü"
"MANiSA	Alaþehir	Alaþehir Vergi Dairesi Müdürlü?ü"
"MANiSA	Demirci	Demirci Vergi Dairesi Müdürlü?ü"
"MANiSA	Kirka?aç	Kirka?aç Vergi Dairesi Müdürlü?ü"
"MANiSA	Salihli	Salihli Adil Oral Vergi Dairesi Müdürlü?ü"
"MANiSA	Sarigöl	Sarigöl Vergi Dairesi Müdürlü?ü"
"MANiSA	Saruhanli	Saruhanli Vergi Dairesi Müdürlü?ü"
"MANiSA	Soma	Soma Vergi Dairesi Müdürlü?ü"
"MANiSA	Turgutlu	Turgutlu Vergi Dairesi Müdürlü?ü"
"MANiSA	Gördes	Gördes Vergi Dairesi Müdürlü?ü"
"MANiSA	Kula	Kula Vergi Dairesi Müdürlü?ü"
"MANiSA	Selendi	Selendi Malmüdürlü?ü"
"MANiSA	Ahmetli	Ahmetli Malmüdürlü?ü"
"MANiSA	Gölmarmara	Gölmarmara Malmüdürlü?ü"
"MANiSA	Köprübaþi	Köprübaþi Malmüdürlü?ü"
"KAHRAMANMARAÞ	Merkez	Aslanbey Vergi Dairesi Müdürlü?ü"
"KAHRAMANMARAÞ	Merkez	Aksu Vergi Dairesi Müdürlü?ü"
"KAHRAMANMARAÞ	Elbistan	Elbistan Vergi Dairesi Müdürlü?ü"
"KAHRAMANMARAÞ	Afþin	Afþin Vergi Dairesi Müdürlü?ü"
"KAHRAMANMARAÞ	Pazarcik	Pazarcik Vergi Dairesi Müdürlü?ü"
"KAHRAMANMARAÞ	Andirin	Andirin Malmüdürlü?ü"
"KAHRAMANMARAÞ	Göksun	Göksun Malmüdürlü?ü"
"KAHRAMANMARAÞ	Türko?lu	Türko?lu Malmüdürlü?ü"
"KAHRAMANMARAÞ	Ça?layancerit	Ça?layancerit Malmüdürlü?ü"
"KAHRAMANMARAÞ	Ekinözü	Ekinözü Malmüdürlü?ü"
"KAHRAMANMARAÞ	Nurhak	Nurhak Malmüdürlü?ü"
"MARDiN	Merkez	Mardin Vergi Dairesi Müdürlü?ü"
"MARDiN	Kiziltepe	Kiziltepe Vergi Dairesi Müdürlü?ü"
"MARDiN	Nusaybin	Nusaybin Vergi Dairesi Müdürlü?ü"
"MARDiN	Derik	Derik Malmüdürlü?ü"
"MARDiN	Mazida?i	Mazida?i Malmüdürlü?ü"
"MARDiN	Midyat	Midyat Malmüdürlü?ü"
"MARDiN	Ömerli	Ömerli Malmüdürlü?ü"
"MARDiN	Savur	Savur Malmüdürlü?ü"
"MARDiN	Dargeçit	Dargeçit Malmüdürlü?ü"
"MARDiN	Yeþilli	Yeþilli Malmüdürlü?ü"
"MU?LA	Merkez	Mu?la Vergi Dairesi Müdürlü?ü"
"MU?LA	Bodrum	Bodrum Vergi Dairesi Müdürlü?ü"
"MU?LA	Fethiye	Fethiye Vergi Dairesi Müdürlü?ü"
"MU?LA	Köyce?iz	Köyce?iz Vergi Dairesi Müdürlü?ü"
"MU?LA	Milas	Milas Vergi Dairesi Müdürlü?ü"
"MU?LA	Marmaris	Marmaris Vergi Dairesi Müdürlü?ü"
"MU?LA	Yata?an	Yata?an Vergi Dairesi Müdürlü?ü"
"MU?LA	Datça	Datça Malmüdürlü?ü"
"MU?LA	Ula	Ula Malmüdürlü?ü"
"MU?LA	Dalaman	Dalaman Malmüdürlü?ü"
"MU?LA	Ortaca	Ortaca Malmüdürlü?ü"
"MU?LA	Kavaklidere	Kavaklidere Malmüdürlü?ü"
"MU?LA	Seydiemer	Seydikemer Malmüdürlü?ü"
"MUÞ	Merkez	Muþ Vergi Dairesi Müdürlü?ü"
"MUÞ	Bulanik	Bulanik Malmüdürlü?ü"
"MUÞ	Malazgirt	Malazgirt Malmüdürlü?ü"
"MUÞ	Varto	Varto Malmüdürlü?ü"
"MUÞ	Hasköy	Hasköy Malmüdürlü?ü"
"MUÞ	Korkut	Korkut Malmüdürlü?ü"
"NEVÞEHiR	Merkez	Nevþehir Vergi Dairesi Müdürlü?ü"
"NEVÞEHiR	Avanos	Avanos Malmüdürlü?ü"
"NEVÞEHiR	Derinkuyu	Derinkuyu Malmüdürlü?ü"
"NEVÞEHiR	Gülþehir	Gülþehir Malmüdürlü?ü"
"NEVÞEHiR	Hacibektaþ	Hacibektaþ Malmüdürlü?ü"
"NEVÞEHiR	Kozakli	Kozakli Malmüdürlü?ü"
"NEVÞEHiR	Ürgüp	Ürgüp Malmüdürlü?ü"
"NEVÞEHiR	Acigöl	Acigöl Malmüdürlü?ü"
"Ni?DE	Merkez	Ni?de Vergi Dairesi Müdürlü?ü"
"Ni?DE	Bor	Bor Vergi Dairesi Müdürlü?ü"
"Ni?DE	Çamardi	Çamardi Malmüdürlü?ü"
"Ni?DE	Ulukiþla	Ulukiþla Malmüdürlü?ü"
"Ni?DE	Altunhisar	Altunhisar Malmüdürlü?ü"
"Ni?DE	Çiftlik	Çiftlik Malmüdürlü?ü"
"ORDU	Merkez	Boztepe Vergi Dairesi Müdürlü?ü"
"ORDU	Merkez	Köprübaþi Vergi Dairesi Müdürlü?ü"
"ORDU	Fatsa	Fatsa Vergi Dairesi Müdürlü?ü"
"ORDU	Ünye	Ünye Vergi Dairesi Müdürlü?ü"
"ORDU	Akkuþ	Akkuþ Malmüdürlü?ü"
"ORDU	Aybasti	Aybasti Malmüdürlü?ü"
"ORDU	Gölköy	Gölköy Malmüdürlü?ü"
"ORDU	Korgan	Korgan Malmüdürlü?ü"
"ORDU	Kumru	Kumru Malmüdürlü?ü"
"ORDU	Mesudiye	Mesudiye Malmüdürlü?ü"
"ORDU	Perþembe	Perþembe Malmüdürlü?ü"
"ORDU	Ulubey	Ulubey Malmüdürlü?ü"
"ORDU	Gülyali	Gülyali Malmüdürlü?ü"
"ORDU	Gürgentepe	Gürgentepe Malmüdürlü?ü"
"ORDU	Çamaþ	Çamaþ Malmüdürlü?ü"
"ORDU	Çatalpinar	Çatalpinar Malmüdürlü?ü"
"ORDU	Çaybaþi	Çaybaþi Malmüdürlü?ü"
"ORDU	ikizce	ikizce Malmüdürlü?ü"
"ORDU	Kabadüz	Kabadüz Malmüdürlü?ü"
"ORDU	Kabataþ	Kabataþ Malmüdürlü?ü"
"RiZE	Merkez	Kaçkar Vergi Dairesi Müdürlü?ü"
"RiZE	Merkez	Yeþilçay Vergi Dairesi Müdürlü?ü"
"RiZE	Çayeli	Çayeli Vergi Dairesi Müdürlü?ü"
"RiZE	Pazar	Pazar Vergi Dairesi Müdürlü?ü"
"RiZE	Ardeþen	Ardeþen Vergi Dairesi Müdürlü?ü"
"RiZE	Çamlihemþin	Çamlihemþin Malmüdürlü?ü"
"RiZE	Findikli	Findikli Malmüdürlü?ü"
"RiZE	ikizdere	ikizdere Malmüdürlü?ü"
"RiZE	Kalkandere	Kalkandere Malmüdürlü?ü"
"RiZE	Güneysu	Güneysu Malmüdürlü?ü"
"RiZE	Derepazari	Derepazari Malmüdürlü?ü"
"RiZE	Hemþin	Hemþin Malmüdürlü?ü"
"RiZE	iyidere	iyidere Malmüdürlü?ü"
"SAKARYA	Merkez	Gümrükönü Vergi Dairesi Müdürlü?ü"
"SAKARYA	Merkez	Ali Fuat Cebesoy Vergi Dairesi Müdürlü?ü"
"SAKARYA	Merkez- (5216)	Sapanca Vergi Dairesi Müdürlü?ü"
"SAKARYA	Merkez- (5216)	Akyazi Vergi Dairesi Müdürlü?ü"
"SAKARYA	Geyve	Geyve Vergi Dairesi Müdürlü?ü"
"SAKARYA	Merkez- (5216)	Hendek Vergi Dairesi Müdürlü?ü"
"SAKARYA	Karasu	Karasu Vergi Dairesi Müdürlü?ü"
"SAKARYA	Kaynarca	Kaynarca Malmüdürlü?ü"
"SAKARYA	Kocaali	Kocaali Malmüdürlü?ü"
"SAKARYA	Pamukova	Pamukova Malmüdürlü?ü"
"SAKARYA	Tarakli	Tarakli Malmüdürlü?ü"
"SAKARYA	Merkez- (5216)	Karapürçek Malmüdürlü?ü"
"SAMSUN	Merkez	19 Mayis Vergi Dairesi Müdürlü?ü"
"SAMSUN	Merkez	Gaziler Vergi Dairesi Müdürlü?ü"
"SAMSUN	Merkez	Zafer Vergi Dairesi Müdürlü?ü"
"SAMSUN	Bafra	Bafra Vergi Dairesi Müdürlü?ü"
"SAMSUN	Çarþamba	Çarþamba Vergi Dairesi Müdürlü?ü"
"SAMSUN	Terme	Terme Vergi Dairesi Müdürlü?ü"
"SAMSUN	Havza	Havza Vergi Dairesi Müdürlü?ü"
"SAMSUN	Alaçam	Alaçam Malmüdürlü?ü"
"SAMSUN	Kavak	Kavak Malmüdürlü?ü"
"SAMSUN	Ladik	Ladik Malmüdürlü?ü"
"SAMSUN	Vezirköprü	Vezirköprü Malmüdürlü?ü"
"SAMSUN	Asarcik	Asarcik Malmüdürlü?ü"
"SAMSUN	Ondokuz Mayis	Ondokuz Mayis Malmüdürlü?ü"
"SAMSUN	Salipazari	Salipazari Malmüdürlü?ü"
"SAMSUN	Merkez- (5216)	Tekkeköy Malmüdürlü?ü"
"SAMSUN	Ayvacik	Ayvacik Malmüdürlü?ü"
"SAMSUN	Yakakent	Yakakent Malmüdürlü?ü"
"SiiRT	Merkez	Siirt Vergi Dairesi Müdürlü?ü"
"SiiRT	Baykan	Baykan Malmüdürlü?ü"
"SiiRT	Eruh	Eruh Malmüdürlü?ü"
"SiiRT	Kurtalan	Kurtalan Malmüdürlü?ü"
"SiiRT	Pervari	Pervari Malmüdürlü?ü"
"SiiRT	Þirvan	Þirvan Malmüdürlü?ü"
"SiNOP	Merkez	Sinop Vergi Dairesi Müdürlü?ü"
"SiNOP	Boyabat	Boyabat Vergi Dairesi Müdürlü?ü"
"SiNOP	Ayancik	Ayancik Malmüdürlü?ü"
"SiNOP	Dura?an	Dura?an Malmüdürlü?ü"
"SiNOP	Erfelek	Erfelek Malmüdürlü?ü"
"SiNOP	Gerze	Gerze Malmüdürlü?ü"
"SiNOP	Türkeli	Türkeli Malmüdürlü?ü"
"SiNOP	Dikmen	Dikmen Malmüdürlü?ü"
"SiNOP	Saraydüzü	Saraydüzü Malmüdürlü?ü"
"SiVAS	Merkez	Kale Vergi Dairesi Müdürlü?ü"
"SiVAS	Merkez	Site Vergi Dairesi Müdürlü?ü"
"SiVAS	Þarkiþla	Þarkiþla Vergi Dairesi Müdürlü?ü"
"SiVAS	Divri?i	Divri?i Malmüdürlü?ü"
"SiVAS	Gemerek	Gemerek Malmüdürlü?ü"
"SiVAS	Gürün	Gürün Malmüdürlü?ü"
"SiVAS	Hafik	Hafik Malmüdürlü?ü"
"SiVAS	imranli	imranli Malmüdürlü?ü"
"SiVAS	Kangal	Kangal Malmüdürlü?ü"
"SiVAS	Koyulhisar	Koyulhisar Malmüdürlü?ü"
"SiVAS	Suþehri	Suþehri Malmüdürlü?ü"
"SiVAS	Yildizeli	Yildizeli Malmüdürlü?ü"
"SiVAS	Zara	Zara Malmüdürlü?ü"
"SiVAS	Akincilar	Akincilar Malmüdürlü?ü"
"SiVAS	Altinyayla	Altinyayla Malmüdürlü?ü"
"SiVAS	Do?anþar	Do?anþar Malmüdürlü?ü"
"SiVAS	Gölova	Gölova Malmüdürlü?ü"
"SiVAS	Ulaþ	Ulaþ Malmüdürlü?ü"
"TEKiRDA?	Merkez	Süleymanpaþa Vergi Dairesi Müdürlü?ü"
"TEKiRDA?	Merkez	Namik Kemal Vergi Dairesi Müdürlü?ü"
"TEKiRDA?	Çerkezköy	Çerkezköy Vergi Dairesi Müdürlü?ü"
"TEKiRDA?	Çorlu	Çorlu Vergi Dairesi Müdürlü?ü"
"TEKiRDA?	Hayrabolu	Hayrabolu Vergi Dairesi Müdürlü?ü"
"TEKiRDA?	Malkara	Malkara Vergi Dairesi Müdürlü?ü"
"TEKiRDA?	Muratli	Muratli Vergi Dairesi Müdürlü?ü"
"TEKiRDA?	Saray	Saray Malmüdürlü?ü"
"TEKiRDA?	Þarköy	Þarköy Malmüdürlü?ü"
"TEKiRDA?	Marmara Ere?lisi	Marmara Ere?lisi Malmüdürlü?ü"
"TOKAT	Merkez	Tokat Vergi Dairesi Müdürlü?ü"
"TOKAT	Erbaa	Erbaa Vergi Dairesi Müdürlü?ü"
"TOKAT	Niksar	Niksar Vergi Dairesi Müdürlü?ü"
"TOKAT	Turhal	Turhal Vergi Dairesi Müdürlü?ü"
"TOKAT	Zile	Zile Vergi Dairesi Müdürlü?ü"
"TOKAT	Almus	Almus Malmüdürlü?ü"
"TOKAT	Artova	Artova Malmüdürlü?ü"
"TOKAT	Reþadiye	Reþadiye Malmüdürlü?ü"
"TOKAT	Pazar	Pazar Malmüdürlü?ü"
"TOKAT	Yeþilyurt	Yeþilyurt Malmüdürlü?ü"
"TOKAT	Baþçiftlik	Baþçiftlik Malmüdürlü?ü"
"TOKAT	Sulusaray	Sulusaray Malmüdürlü?ü"
"TRABZON	Merkez	Hizirbey Vergi Dairesi Müdürlü?ü"
"TRABZON	Merkez	Karadeniz Vergi Dairesi Müdürlü?ü"
"TRABZON	Akçaabat	Akçaabat Vergi Dairesi Müdürlü?ü"
"TRABZON	Of	Of Vergi Dairesi Müdürlü?ü"
"TRABZON	Vakfikebir	Vakfikebir Vergi Dairesi Müdürlü?ü"
"TRABZON	Arakli	Arakli Malmüdürlü?ü"
"TRABZON	Arsin	Arsin Malmüdürlü?ü"
"TRABZON	Çaykara	Çaykara Malmüdürlü?ü"
"TRABZON	Maçka	Maçka Malmüdürlü?ü"
"TRABZON	Sürmene	Sürmene Malmüdürlü?ü"
"TRABZON	Tonya	Tonya Malmüdürlü?ü"
"TRABZON	Yomra	Yomra Malmüdürlü?ü"
"TRABZON	Beþikdüzü	Beþikdüzü Malmüdürlü?ü"
"TRABZON	Þalpazari	Þalpazari Malmüdürlü?ü"
"TRABZON	Çarþibaþi	Çarþibaþi Malmüdürlü?ü"
"TRABZON	Dernekpazari	Dernekpazari Malmüdürlü?ü"
"TRABZON	Düzköy	Düzköy Malmüdürlü?ü"
"TRABZON	Hayrat	Hayrat Malmüdürlü?ü"
"TRABZON	Köprübaþi	Köprübaþi Malmüdürlü?ü"
"TUNCELi	Merkez	Tunceli Vergi Dairesi Müdürlü?ü"
"TUNCELi	Çemiþgezek	Çemiþgezek Malmüdürlü?ü"
"TUNCELi	Hozat	Hozat Malmüdürlü?ü"
"TUNCELi	Mazgirt	Mazgirt Malmüdürlü?ü"
"TUNCELi	Nazimiye	Nazimiye Malmüdürlü?ü"
"TUNCELi	Ovacik	Ovacik Malmüdürlü?ü"
"TUNCELi	Pertek	Pertek Malmüdürlü?ü"
"TUNCELi	Pülümür	Pülümür Malmüdürlü?ü"
"ÞANLIURFA	Merkez	Þehitlik Vergi Dairesi Müdürlü?ü"
"ÞANLIURFA	Merkez	Topçu Meydani Vergi Dairesi Müdürlü?ü"
"ÞANLIURFA	Siverek	Siverek Vergi Dairesi Müdürlü?ü"
"ÞANLIURFA	Viranþehir	Viranþehir Vergi Dairesi Müdürlü?ü"
"ÞANLIURFA	Birecik	Birecik Vergi Dairesi Müdürlü?ü"
"ÞANLIURFA	Akçakale	Akçakale Malmüdürlü?ü"
"ÞANLIURFA	Bozova	Bozova Malmüdürlü?ü"
"ÞANLIURFA	Halfeti	Halfeti Malmüdürlü?ü"
"ÞANLIURFA	Hilvan	Hilvan Malmüdürlü?ü"
"ÞANLIURFA	Suruç	Suruç Malmüdürlü?ü"
"ÞANLIURFA	Ceylanpinar	Ceylanpinar Malmüdürlü?ü"
"ÞANLIURFA	Harran	Harran Malmüdürlü?ü"
"UÞAK	Merkez	Uþak Vergi Dairesi Müdürlü?ü"
"UÞAK	Banaz	Banaz Vergi Dairesi Müdürlü?ü"
"UÞAK	Eþme	Eþme Vergi Dairesi Müdürlü?ü"
"UÞAK	Karahalli	Karahalli Malmüdürlü?ü"
"UÞAK	Ulubey	Ulubey Malmüdürlü?ü"
"UÞAK	Sivasli	Sivasli Malmüdürlü?ü"
"VAN	Merkez	Van Vergi Dairesi Müdürlü?ü"
"VAN	Erciþ	Erciþ Vergi Dairesi Müdürlü?ü"
"VAN	Baþkale	Baþkale Malmüdürlü?ü"
"VAN	Çatak	Çatak Malmüdürlü?ü"
"VAN	Gevaþ	Gevaþ Malmüdürlü?ü"
"VAN	Gürpinar	Gürpinar Malmüdürlü?ü"
"VAN	Muradiye	Muradiye Malmüdürlü?ü"
"VAN	Özalp	Özalp Malmüdürlü?ü"
"VAN	Bahçesaray	Bahçesaray Malmüdürlü?ü"
"VAN	Çaldiran	Çaldiran Malmüdürlü?ü"
"VAN	Edremit	Edremit Malmüdürlü?ü"
"VAN	Saray	Saray Malmüdürlü?ü"
"YOZGAT	Merkez	Yozgat Vergi Dairesi Müdürlü?ü"
"YOZGAT	Bo?azliyan	Bo?azliyan Vergi Dairesi Müdürlü?ü"
"YOZGAT	Sorgun	Sorgun Vergi Dairesi Müdürlü?ü"
"YOZGAT	Yerköy	Yerköy Vergi Dairesi Müdürlü?ü"
"YOZGAT	Akda?madeni	Akda?madeni Malmüdürlü?ü"
"YOZGAT	Çayiralan	Çayiralan Malmüdürlü?ü"
"YOZGAT	Çekerek	Çekerek Malmüdürlü?ü"
"YOZGAT	Sarikaya	Sarikaya Malmüdürlü?ü"
"YOZGAT	Þefaatli	Þefaatli Malmüdürlü?ü"
"YOZGAT	Aydincik	Aydincik Malmüdürlü?ü"
"YOZGAT	Çandir	Çandir Malmüdürlü?ü"
"YOZGAT	Kadiþehri	Kadiþehri Malmüdürlü?ü"
"YOZGAT	Saraykent	Saraykent Malmüdürlü?ü"
"YOZGAT	Yenifakili	Yenifakili Malmüdürlü?ü"
"ZONGULDAK	Merkez	Uzunmehmet Vergi Dairesi Müdürlü?ü"
"ZONGULDAK	Merkez	Kara Elmas Vergi Dairesi Müdürlü?ü"
"ZONGULDAK	Ere?li	Ere?li Vergi Dairesi Müdürlü?ü"
"ZONGULDAK	Çaycuma	Çaycuma Vergi Dairesi Müdürlü?ü"
"ZONGULDAK	Devrek	Devrek Vergi Dairesi Müdürlü?ü"
"ZONGULDAK	Alapli	Alapli Malmüdürlü?ü"
"ZONGULDAK	Gökçebey	Gökçebey Malmüdürlü?ü"
"AKSARAY	Merkez	Aksaray Vergi Dairesi Müdürlü?ü"
"AKSARAY	A?açören	A?açören Malmüdürlü?ü"
"AKSARAY	Güzelyurt	Güzelyurt Malmüdürlü?ü"
"AKSARAY	Ortaköy	Ortaköy Malmüdürlü?ü"
"AKSARAY	Sariyahþi	Sariyahþi Malmüdürlü?ü"
"AKSARAY	Eskil	Eskil Malmüdürlü?ü"
"AKSARAY	Güla?aç	Güla?aç Malmüdürlü?ü"
"BAYBURT	Merkez	Bayburt Vergi Dairesi Müdürlü?ü"
"BAYBURT	Aydintepe	Aydintepe Malmüdürlü?ü"
"BAYBURT	Demirözü	Demirözü Malmüdürlü?ü"
"KARAMAN	Merkez	Karaman Vergi Dairesi Müdürlü?ü"
"KARAMAN	Ayranci	Ayranci Malmüdürlü?ü"
"KARAMAN	Ermenek	Ermenek Malmüdürlü?ü"
"KARAMAN	Kazim Karabekir	Kazim Karabekir Malmüdürlü?ü"
"KARAMAN	Baþyayla	Baþyayla Malmüdürlü?ü"
"KARAMAN	Sariveliler	Sariveliler Malmüdürlü?ü"
"KIRIKKALE	Merkez	Irmak Vergi Dairesi Müdürlü?ü"
"KIRIKKALE	Merkez	Kaletepe Vergi Dairesi Müdürlü?ü"
"KIRIKKALE	Delice	Delice Malmüdürlü?ü"
"KIRIKKALE	Keskin	Keskin Malmüdürlü?ü"
"KIRIKKALE	Sulakyurt	Sulakyurt Malmüdürlü?ü"
"KIRIKKALE	Baliþeyh	Baliþeyh Malmüdürlü?ü"
"KIRIKKALE	Çelebi	Çelebi Malmüdürlü?ü"
"KIRIKKALE	Karakeçili	Karakeçili Malmüdürlü?ü"
"BATMAN	Merkez	Batman Vergi Dairesi Müdürlü?ü"
"BATMAN	Beþiri	Beþiri Malmüdürlü?ü"
"BATMAN	Gercüþ	Gercüþ Malmüdürlü?ü"
"BATMAN	Hasankeyf	Hasankeyf Malmüdürlü?ü"
"BATMAN	Kozluk	Kozluk Malmüdürlü?ü"
"BATMAN	Sason	Sason Malmüdürlü?ü"
"ÞIRNAK	Merkez	Þirnak Vergi Dairesi Müdürlü?ü"
"ÞIRNAK	Cizre	Cizre Vergi Dairesi Müdürlü?ü"
"ÞIRNAK	Silopi	Silopi Vergi Dairesi Müdürlü?ü"
"ÞIRNAK	Beytüþþebap	Beytüþþebap Malmüdürlü?ü"
"ÞIRNAK	Güçlükonak	Güçlükonak Malmüdürlü?ü"
"ÞIRNAK	idil	idil Malmüdürlü?ü"
"ÞIRNAK	Uludere	Uludere Malmüdürlü?ü"
"BARTIN	Merkez	Bartin Vergi Dairesi Müdürlü?ü"
"BARTIN	Amasra	Amasra Malmüdürlü?ü"
"BARTIN	Kurucaþile	Kurucaþile Malmüdürlü?ü"
"BARTIN	Ulus	Ulus Malmüdürlü?ü"
"ARDAHAN	Merkez	Ardahan Vergi Dairesi Müdürlü?ü"
"ARDAHAN	Çildir	Çildir Malmüdürlü?ü"
"ARDAHAN	Damal	Damal Malmüdürlü?ü"
"ARDAHAN	Göle	Göle Malmüdürlü?ü"
"ARDAHAN	Hanak	Hanak Malmüdürlü?ü"
"ARDAHAN	Posof	Posof Malmüdürlü?ü"
"I?DIR	Merkez	I?dir Vergi Dairesi Müdürlü?ü"
"I?DIR	Aralik	Aralik Malmüdürlü?ü"
"I?DIR	Karakoyunlu	Karakoyunlu Malmüdürlü?ü"
"I?DIR	Tuzluca	Tuzluca Malmüdürlü?ü"
"YALOVA	Merkez	Yalova Vergi Dairesi Müdürlü?ü"
"YALOVA	Altinova	Altinova Malmüdürlü?ü"
"YALOVA	Armutlu	Armutlu Malmüdürlü?ü"
"YALOVA	Çinarcik	Çinarcik Malmüdürlü?ü"
"KARABÜK	Merkez	Karabük Vergi Dairesi Müdürlü?ü"
"KARABÜK	Safranbolu	Safranbolu Vergi Dairesi Müdürlü?ü"
"KARABÜK	Eflani	Eflani Malmüdürlü?ü"
"KARABÜK	Eskipazar	Eskipazar Malmüdürlü?ü"
"KARABÜK	Ovacik	Ovacik Malmüdürlü?ü"
"KARABÜK	Yenice	Yenice Malmüdürlü?ü"
"KiLiS	Merkez	Kilis Vergi Dairesi Müdürlü?ü"
"OSMANiYE	Merkez	Osmaniye Vergi Dairesi Müdürlü?ü"
"OSMANiYE	Kadirli	Kadirli Vergi Dairesi Müdürlü?ü"
"OSMANiYE	Bahçe	Bahçe  Malmüdürlü?ü"
"OSMANiYE	Düziçi	Düziçi Malmüdürlü?ü"
"OSMANiYE	Hasanbeyli	Hasanbeyli Malmüdürlü?ü"
"OSMANiYE	Sumbas	Sumbas Malmüdürlü?ü"
"OSMANiYE	Toprakkale	Toprakkale Malmüdürlü?ü"
"DÜZCE	Merkez	Düzce Vergi Dairesi Müdürlü?ü"
"DÜZCE	Akçakoca	Akçakoca Vergi Dairesi Müdürlü?ü"
"DÜZCE	Yi?ilca	Yi?ilca Malmüdürlü?ü"
"DÜZCE	Cumayeri	Cumayeri Malmüdürlü?ü"
"DÜZCE	Gölyaka	Gölyaka Malmüdürlü?ü"
"DÜZCE	Çilimli	Çilimli Malmüdürlü?ü"
"DÜZCE	Gümüþova	Gümüþova Malmüdürlü?ü"
"DÜZCE	Kaynaþli	Kaynaþli Malmüdürlü?ü"
